NOM_ENT,NOM_ENT
AGO,Aguascalientes
AGO,Aguascalientes
AGO,Aguascalientes
AGO,Aguascalientes
AGO,Aguascalientes
AGO,Aguascalientes
AGO,Aguascalientes
AGO,Aguascalientes
AGO,Aguascalientes
AGO,Aguascalientes
AGO,Aguascalientes
BC,Baja California
BC,Baja California
BC,Baja California
BC,Baja California
BC,Baja California
BCS,Baja California Sur
BCS,Baja California Sur
BCS,Baja California Sur
BCS,Baja California Sur
BCS,Baja California Sur
CAM,Campeche
CAM,Campeche
CAM,Campeche
CAM,Campeche
CAM,Campeche
CAM,Campeche
CAM,Campeche
CAM,Campeche
CAM,Campeche
CAM,Campeche
CAM,Campeche
COAH ,Coahuila de Zaragoza
COAH ,Coahuila de Zaragoza
COAH ,Coahuila de Zaragoza
COAH ,Coahuila de Zaragoza
COAH ,Coahuila de Zaragoza
COAH ,Coahuila de Zaragoza
COAH ,Coahuila de Zaragoza
COAH ,Coahuila de Zaragoza
COAH ,Coahuila de Zaragoza
COAH ,Coahuila de Zaragoza
COAH ,Coahuila de Zaragoza
COAH ,Coahuila de Zaragoza
COAH ,Coahuila de Zaragoza
COAH ,Coahuila de Zaragoza
COAH ,Coahuila de Zaragoza
COAH ,Coahuila de Zaragoza
COAH ,Coahuila de Zaragoza
COAH ,Coahuila de Zaragoza
COAH ,Coahuila de Zaragoza
COAH ,Coahuila de Zaragoza
COAH ,Coahuila de Zaragoza
COAH ,Coahuila de Zaragoza
COAH ,Coahuila de Zaragoza
COAH ,Coahuila de Zaragoza
COAH ,Coahuila de Zaragoza
COAH ,Coahuila de Zaragoza
COAH ,Coahuila de Zaragoza
COAH ,Coahuila de Zaragoza
COAH ,Coahuila de Zaragoza
COAH ,Coahuila de Zaragoza
COAH ,Coahuila de Zaragoza
COAH ,Coahuila de Zaragoza
COAH ,Coahuila de Zaragoza
COAH ,Coahuila de Zaragoza
COAH ,Coahuila de Zaragoza
COAH ,Coahuila de Zaragoza
COAH ,Coahuila de Zaragoza
COAH ,Coahuila de Zaragoza
COL,Colima
COL,Colima
COL,Colima
COL,Colima
COL,Colima
COL,Colima
COL,Colima
COL,Colima
COL,Colima
COL,Colima
CHIS,Chiapas
CHIS,Chiapas
CHIS,Chiapas
CHIS,Chiapas
CHIS,Chiapas
CHIS,Chiapas
CHIS,Chiapas
CHIS,Chiapas
CHIS,Chiapas
CHIS,Chiapas
CHIS,Chiapas
CHIS,Chiapas
CHIS,Chiapas
CHIS,Chiapas
CHIS,Chiapas
CHIS,Chiapas
CHIS,Chiapas
CHIS,Chiapas
CHIS,Chiapas
CHIS,Chiapas
CHIS,Chiapas
CHIS,Chiapas
CHIS,Chiapas
CHIS,Chiapas
CHIS,Chiapas
CHIS,Chiapas
CHIS,Chiapas
CHIS,Chiapas
CHIS,Chiapas
CHIS,Chiapas
CHIS,Chiapas
CHIS,Chiapas
CHIS,Chiapas
CHIS,Chiapas
CHIS,Chiapas
CHIS,Chiapas
CHIS,Chiapas
CHIS,Chiapas
CHIS,Chiapas
CHIS,Chiapas
CHIS,Chiapas
CHIS,Chiapas
CHIS,Chiapas
CHIS,Chiapas
CHIS,Chiapas
CHIS,Chiapas
CHIS,Chiapas
CHIS,Chiapas
CHIS,Chiapas
CHIS,Chiapas
CHIS,Chiapas
CHIS,Chiapas
CHIS,Chiapas
CHIS,Chiapas
CHIS,Chiapas
CHIS,Chiapas
CHIS,Chiapas
CHIS,Chiapas
CHIS,Chiapas
CHIS,Chiapas
CHIS,Chiapas
CHIS,Chiapas
CHIS,Chiapas
CHIS,Chiapas
CHIS,Chiapas
CHIS,Chiapas
CHIS,Chiapas
CHIS,Chiapas
CHIS,Chiapas
CHIS,Chiapas
CHIS,Chiapas
CHIS,Chiapas
CHIS,Chiapas
CHIS,Chiapas
CHIS,Chiapas
CHIS,Chiapas
CHIS,Chiapas
CHIS,Chiapas
CHIS,Chiapas
CHIS,Chiapas
CHIS,Chiapas
CHIS,Chiapas
CHIS,Chiapas
CHIS,Chiapas
CHIS,Chiapas
CHIS,Chiapas
CHIS,Chiapas
CHIS,Chiapas
CHIS,Chiapas
CHIS,Chiapas
CHIS,Chiapas
CHIS,Chiapas
CHIS,Chiapas
CHIS,Chiapas
CHIS,Chiapas
CHIS,Chiapas
CHIS,Chiapas
CHIS,Chiapas
CHIS,Chiapas
CHIS,Chiapas
CHIS,Chiapas
CHIS,Chiapas
CHIS,Chiapas
CHIS,Chiapas
CHIS,Chiapas
CHIS,Chiapas
CHIS,Chiapas
CHIS,Chiapas
CHIS,Chiapas
CHIS,Chiapas
CHIS,Chiapas
CHIS,Chiapas
CHIS,Chiapas
CHIS,Chiapas
CHIS,Chiapas
CHIS,Chiapas
CHIS,Chiapas
CHIS,Chiapas
CHI,Chihuahua
CHI,Chihuahua
CHI,Chihuahua
CHI,Chihuahua
CHI,Chihuahua
CHI,Chihuahua
CHI,Chihuahua
CHI,Chihuahua
CHI,Chihuahua
CHI,Chihuahua
CHI,Chihuahua
CHI,Chihuahua
CHI,Chihuahua
CHI,Chihuahua
CHI,Chihuahua
CHI,Chihuahua
CHI,Chihuahua
CHI,Chihuahua
CHI,Chihuahua
CHI,Chihuahua
CHI,Chihuahua
CHI,Chihuahua
CHI,Chihuahua
CHI,Chihuahua
CHI,Chihuahua
CHI,Chihuahua
CHI,Chihuahua
CHI,Chihuahua
CHI,Chihuahua
CHI,Chihuahua
CHI,Chihuahua
CHI,Chihuahua
CHI,Chihuahua
CHI,Chihuahua
CHI,Chihuahua
CHI,Chihuahua
CHI,Chihuahua
CHI,Chihuahua
CHI,Chihuahua
CHI,Chihuahua
CHI,Chihuahua
CHI,Chihuahua
CHI,Chihuahua
CHI,Chihuahua
CHI,Chihuahua
CHI,Chihuahua
CHI,Chihuahua
CHI,Chihuahua
CHI,Chihuahua
CHI,Chihuahua
CHI,Chihuahua
CHI,Chihuahua
CHI,Chihuahua
CHI,Chihuahua
CHI,Chihuahua
CHI,Chihuahua
CHI,Chihuahua
CHI,Chihuahua
CHI,Chihuahua
CHI,Chihuahua
CHI,Chihuahua
CHI,Chihuahua
CHI,Chihuahua
CHI,Chihuahua
CHI,Chihuahua
CHI,Chihuahua
CHI,Chihuahua
CDMX,Ciudad de Mexico
CDMX,Ciudad de Mexico
CDMX,Ciudad de Mexico
CDMX,Ciudad de Mexico
CDMX,Ciudad de Mexico
CDMX,Ciudad de Mexico
CDMX,Ciudad de Mexico
CDMX,Ciudad de Mexico
CDMX,Ciudad de Mexico
CDMX,Ciudad de Mexico
CDMX,Ciudad de Mexico
CDMX,Ciudad de Mexico
CDMX,Ciudad de Mexico
CDMX,Ciudad de Mexico
CDMX,Ciudad de Mexico
CDMX,Ciudad de Mexico
DUR,Durango
DUR,Durango
DUR,Durango
DUR,Durango
DUR,Durango
DUR,Durango
DUR,Durango
DUR,Durango
DUR,Durango
DUR,Durango
DUR,Durango
DUR,Durango
DUR,Durango
DUR,Durango
DUR,Durango
DUR,Durango
DUR,Durango
DUR,Durango
DUR,Durango
DUR,Durango
DUR,Durango
DUR,Durango
DUR,Durango
DUR,Durango
DUR,Durango
DUR,Durango
DUR,Durango
DUR,Durango
DUR,Durango
DUR,Durango
DUR,Durango
DUR,Durango
DUR,Durango
DUR,Durango
DUR,Durango
DUR,Durango
DUR,Durango
DUR,Durango
DUR,Durango
GTO,Guanajuato
GTO,Guanajuato
GTO,Guanajuato
GTO,Guanajuato
GTO,Guanajuato
GTO,Guanajuato
GTO,Guanajuato
GTO,Guanajuato
GTO,Guanajuato
GTO,Guanajuato
GTO,Guanajuato
GTO,Guanajuato
GTO,Guanajuato
GTO,Guanajuato
GTO,Guanajuato
GTO,Guanajuato
GTO,Guanajuato
GTO,Guanajuato
GTO,Guanajuato
GTO,Guanajuato
GTO,Guanajuato
GTO,Guanajuato
GTO,Guanajuato
GTO,Guanajuato
GTO,Guanajuato
GTO,Guanajuato
GTO,Guanajuato
GTO,Guanajuato
GTO,Guanajuato
GTO,Guanajuato
GTO,Guanajuato
GTO,Guanajuato
GTO,Guanajuato
GTO,Guanajuato
GTO,Guanajuato
GTO,Guanajuato
GTO,Guanajuato
GTO,Guanajuato
GTO,Guanajuato
GTO,Guanajuato
GTO,Guanajuato
GTO,Guanajuato
GTO,Guanajuato
GTO,Guanajuato
GTO,Guanajuato
GTO,Guanajuato
GRO,Guerrero
GRO,Guerrero
GRO,Guerrero
GRO,Guerrero
GRO,Guerrero
GRO,Guerrero
GRO,Guerrero
GRO,Guerrero
GRO,Guerrero
GRO,Guerrero
GRO,Guerrero
GRO,Guerrero
GRO,Guerrero
GRO,Guerrero
GRO,Guerrero
GRO,Guerrero
GRO,Guerrero
GRO,Guerrero
GRO,Guerrero
GRO,Guerrero
GRO,Guerrero
GRO,Guerrero
GRO,Guerrero
GRO,Guerrero
GRO,Guerrero
GRO,Guerrero
GRO,Guerrero
GRO,Guerrero
GRO,Guerrero
GRO,Guerrero
GRO,Guerrero
GRO,Guerrero
GRO,Guerrero
GRO,Guerrero
GRO,Guerrero
GRO,Guerrero
GRO,Guerrero
GRO,Guerrero
GRO,Guerrero
GRO,Guerrero
GRO,Guerrero
GRO,Guerrero
GRO,Guerrero
GRO,Guerrero
GRO,Guerrero
GRO,Guerrero
GRO,Guerrero
GRO,Guerrero
GRO,Guerrero
GRO,Guerrero
GRO,Guerrero
GRO,Guerrero
GRO,Guerrero
GRO,Guerrero
GRO,Guerrero
GRO,Guerrero
GRO,Guerrero
GRO,Guerrero
GRO,Guerrero
GRO,Guerrero
GRO,Guerrero
GRO,Guerrero
GRO,Guerrero
GRO,Guerrero
GRO,Guerrero
GRO,Guerrero
GRO,Guerrero
GRO,Guerrero
GRO,Guerrero
GRO,Guerrero
GRO,Guerrero
GRO,Guerrero
GRO,Guerrero
GRO,Guerrero
GRO,Guerrero
GRO,Guerrero
GRO,Guerrero
GRO,Guerrero
GRO,Guerrero
GRO,Guerrero
GRO,Guerrero
HGO,Hidalgo
HGO,Hidalgo
HGO,Hidalgo
HGO,Hidalgo
HGO,Hidalgo
HGO,Hidalgo
HGO,Hidalgo
HGO,Hidalgo
HGO,Hidalgo
HGO,Hidalgo
HGO,Hidalgo
HGO,Hidalgo
HGO,Hidalgo
HGO,Hidalgo
HGO,Hidalgo
HGO,Hidalgo
HGO,Hidalgo
HGO,Hidalgo
HGO,Hidalgo
HGO,Hidalgo
HGO,Hidalgo
HGO,Hidalgo
HGO,Hidalgo
HGO,Hidalgo
HGO,Hidalgo
HGO,Hidalgo
HGO,Hidalgo
HGO,Hidalgo
HGO,Hidalgo
HGO,Hidalgo
HGO,Hidalgo
HGO,Hidalgo
HGO,Hidalgo
HGO,Hidalgo
HGO,Hidalgo
HGO,Hidalgo
HGO,Hidalgo
HGO,Hidalgo
HGO,Hidalgo
HGO,Hidalgo
HGO,Hidalgo
HGO,Hidalgo
HGO,Hidalgo
HGO,Hidalgo
HGO,Hidalgo
HGO,Hidalgo
HGO,Hidalgo
HGO,Hidalgo
HGO,Hidalgo
HGO,Hidalgo
HGO,Hidalgo
HGO,Hidalgo
HGO,Hidalgo
HGO,Hidalgo
HGO,Hidalgo
HGO,Hidalgo
HGO,Hidalgo
HGO,Hidalgo
HGO,Hidalgo
HGO,Hidalgo
HGO,Hidalgo
HGO,Hidalgo
HGO,Hidalgo
HGO,Hidalgo
HGO,Hidalgo
HGO,Hidalgo
HGO,Hidalgo
HGO,Hidalgo
HGO,Hidalgo
HGO,Hidalgo
HGO,Hidalgo
HGO,Hidalgo
HGO,Hidalgo
HGO,Hidalgo
HGO,Hidalgo
HGO,Hidalgo
HGO,Hidalgo
HGO,Hidalgo
HGO,Hidalgo
HGO,Hidalgo
HGO,Hidalgo
HGO,Hidalgo
HGO,Hidalgo
HGO,Hidalgo
JAL,Jalisco
JAL,Jalisco
JAL,Jalisco
JAL,Jalisco
JAL,Jalisco
JAL,Jalisco
JAL,Jalisco
JAL,Jalisco
JAL,Jalisco
JAL,Jalisco
JAL,Jalisco
JAL,Jalisco
JAL,Jalisco
JAL,Jalisco
JAL,Jalisco
JAL,Jalisco
JAL,Jalisco
JAL,Jalisco
JAL,Jalisco
JAL,Jalisco
JAL,Jalisco
JAL,Jalisco
JAL,Jalisco
JAL,Jalisco
JAL,Jalisco
JAL,Jalisco
JAL,Jalisco
JAL,Jalisco
JAL,Jalisco
JAL,Jalisco
JAL,Jalisco
JAL,Jalisco
JAL,Jalisco
JAL,Jalisco
JAL,Jalisco
JAL,Jalisco
JAL,Jalisco
JAL,Jalisco
JAL,Jalisco
JAL,Jalisco
JAL,Jalisco
JAL,Jalisco
JAL,Jalisco
JAL,Jalisco
JAL,Jalisco
JAL,Jalisco
JAL,Jalisco
JAL,Jalisco
JAL,Jalisco
JAL,Jalisco
JAL,Jalisco
JAL,Jalisco
JAL,Jalisco
JAL,Jalisco
JAL,Jalisco
JAL,Jalisco
JAL,Jalisco
JAL,Jalisco
JAL,Jalisco
JAL,Jalisco
JAL,Jalisco
JAL,Jalisco
JAL,Jalisco
JAL,Jalisco
JAL,Jalisco
JAL,Jalisco
JAL,Jalisco
JAL,Jalisco
JAL,Jalisco
JAL,Jalisco
JAL,Jalisco
JAL,Jalisco
JAL,Jalisco
JAL,Jalisco
JAL,Jalisco
JAL,Jalisco
JAL,Jalisco
JAL,Jalisco
JAL,Jalisco
JAL,Jalisco
JAL,Jalisco
JAL,Jalisco
JAL,Jalisco
JAL,Jalisco
JAL,Jalisco
JAL,Jalisco
JAL,Jalisco
JAL,Jalisco
JAL,Jalisco
JAL,Jalisco
JAL,Jalisco
JAL,Jalisco
JAL,Jalisco
JAL,Jalisco
JAL,Jalisco
JAL,Jalisco
JAL,Jalisco
JAL,Jalisco
JAL,Jalisco
JAL,Jalisco
JAL,Jalisco
JAL,Jalisco
JAL,Jalisco
JAL,Jalisco
JAL,Jalisco
JAL,Jalisco
JAL,Jalisco
JAL,Jalisco
JAL,Jalisco
JAL,Jalisco
JAL,Jalisco
JAL,Jalisco
JAL,Jalisco
JAL,Jalisco
JAL,Jalisco
JAL,Jalisco
JAL,Jalisco
JAL,Jalisco
JAL,Jalisco
JAL,Jalisco
JAL,Jalisco
JAL,Jalisco
JAL,Jalisco
JAL,Jalisco
JAL,Jalisco
EDOMEX,Mexico
EDOMEX,Mexico
EDOMEX,Mexico
EDOMEX,Mexico
EDOMEX,Mexico
EDOMEX,Mexico
EDOMEX,Mexico
EDOMEX,Mexico
EDOMEX,Mexico
EDOMEX,Mexico
EDOMEX,Mexico
EDOMEX,Mexico
EDOMEX,Mexico
EDOMEX,Mexico
EDOMEX,Mexico
EDOMEX,Mexico
EDOMEX,Mexico
EDOMEX,Mexico
EDOMEX,Mexico
EDOMEX,Mexico
EDOMEX,Mexico
EDOMEX,Mexico
EDOMEX,Mexico
EDOMEX,Mexico
EDOMEX,Mexico
EDOMEX,Mexico
EDOMEX,Mexico
EDOMEX,Mexico
EDOMEX,Mexico
EDOMEX,Mexico
EDOMEX,Mexico
EDOMEX,Mexico
EDOMEX,Mexico
EDOMEX,Mexico
EDOMEX,Mexico
EDOMEX,Mexico
EDOMEX,Mexico
EDOMEX,Mexico
EDOMEX,Mexico
EDOMEX,Mexico
EDOMEX,Mexico
EDOMEX,Mexico
EDOMEX,Mexico
EDOMEX,Mexico
EDOMEX,Mexico
EDOMEX,Mexico
EDOMEX,Mexico
EDOMEX,Mexico
EDOMEX,Mexico
EDOMEX,Mexico
EDOMEX,Mexico
EDOMEX,Mexico
EDOMEX,Mexico
EDOMEX,Mexico
EDOMEX,Mexico
EDOMEX,Mexico
EDOMEX,Mexico
EDOMEX,Mexico
EDOMEX,Mexico
EDOMEX,Mexico
EDOMEX,Mexico
EDOMEX,Mexico
EDOMEX,Mexico
EDOMEX,Mexico
EDOMEX,Mexico
EDOMEX,Mexico
EDOMEX,Mexico
EDOMEX,Mexico
EDOMEX,Mexico
EDOMEX,Mexico
EDOMEX,Mexico
EDOMEX,Mexico
EDOMEX,Mexico
EDOMEX,Mexico
EDOMEX,Mexico
EDOMEX,Mexico
EDOMEX,Mexico
EDOMEX,Mexico
EDOMEX,Mexico
EDOMEX,Mexico
EDOMEX,Mexico
EDOMEX,Mexico
EDOMEX,Mexico
EDOMEX,Mexico
EDOMEX,Mexico
EDOMEX,Mexico
EDOMEX,Mexico
EDOMEX,Mexico
EDOMEX,Mexico
EDOMEX,Mexico
EDOMEX,Mexico
EDOMEX,Mexico
EDOMEX,Mexico
EDOMEX,Mexico
EDOMEX,Mexico
EDOMEX,Mexico
EDOMEX,Mexico
EDOMEX,Mexico
EDOMEX,Mexico
EDOMEX,Mexico
EDOMEX,Mexico
EDOMEX,Mexico
EDOMEX,Mexico
EDOMEX,Mexico
EDOMEX,Mexico
EDOMEX,Mexico
EDOMEX,Mexico
EDOMEX,Mexico
EDOMEX,Mexico
EDOMEX,Mexico
EDOMEX,Mexico
EDOMEX,Mexico
EDOMEX,Mexico
EDOMEX,Mexico
EDOMEX,Mexico
EDOMEX,Mexico
EDOMEX,Mexico
EDOMEX,Mexico
EDOMEX,Mexico
EDOMEX,Mexico
EDOMEX,Mexico
EDOMEX,Mexico
EDOMEX,Mexico
EDOMEX,Mexico
EDOMEX,Mexico
MICH ,Michoacan de Ocampo
MICH ,Michoacan de Ocampo
MICH ,Michoacan de Ocampo
MICH ,Michoacan de Ocampo
MICH ,Michoacan de Ocampo
MICH ,Michoacan de Ocampo
MICH ,Michoacan de Ocampo
MICH ,Michoacan de Ocampo
MICH ,Michoacan de Ocampo
MICH ,Michoacan de Ocampo
MICH ,Michoacan de Ocampo
MICH ,Michoacan de Ocampo
MICH ,Michoacan de Ocampo
MICH ,Michoacan de Ocampo
MICH ,Michoacan de Ocampo
MICH ,Michoacan de Ocampo
MICH ,Michoacan de Ocampo
MICH ,Michoacan de Ocampo
MICH ,Michoacan de Ocampo
MICH ,Michoacan de Ocampo
MICH ,Michoacan de Ocampo
MICH ,Michoacan de Ocampo
MICH ,Michoacan de Ocampo
MICH ,Michoacan de Ocampo
MICH ,Michoacan de Ocampo
MICH ,Michoacan de Ocampo
MICH ,Michoacan de Ocampo
MICH ,Michoacan de Ocampo
MICH ,Michoacan de Ocampo
MICH ,Michoacan de Ocampo
MICH ,Michoacan de Ocampo
MICH ,Michoacan de Ocampo
MICH ,Michoacan de Ocampo
MICH ,Michoacan de Ocampo
MICH ,Michoacan de Ocampo
MICH ,Michoacan de Ocampo
MICH ,Michoacan de Ocampo
MICH ,Michoacan de Ocampo
MICH ,Michoacan de Ocampo
MICH ,Michoacan de Ocampo
MICH ,Michoacan de Ocampo
MICH ,Michoacan de Ocampo
MICH ,Michoacan de Ocampo
MICH ,Michoacan de Ocampo
MICH ,Michoacan de Ocampo
MICH ,Michoacan de Ocampo
MICH ,Michoacan de Ocampo
MICH ,Michoacan de Ocampo
MICH ,Michoacan de Ocampo
MICH ,Michoacan de Ocampo
MICH ,Michoacan de Ocampo
MICH ,Michoacan de Ocampo
MICH ,Michoacan de Ocampo
MICH ,Michoacan de Ocampo
MICH ,Michoacan de Ocampo
MICH ,Michoacan de Ocampo
MICH ,Michoacan de Ocampo
MICH ,Michoacan de Ocampo
MICH ,Michoacan de Ocampo
MICH ,Michoacan de Ocampo
MICH ,Michoacan de Ocampo
MICH ,Michoacan de Ocampo
MICH ,Michoacan de Ocampo
MICH ,Michoacan de Ocampo
MICH ,Michoacan de Ocampo
MICH ,Michoacan de Ocampo
MICH ,Michoacan de Ocampo
MICH ,Michoacan de Ocampo
MICH ,Michoacan de Ocampo
MICH ,Michoacan de Ocampo
MICH ,Michoacan de Ocampo
MICH ,Michoacan de Ocampo
MICH ,Michoacan de Ocampo
MICH ,Michoacan de Ocampo
MICH ,Michoacan de Ocampo
MICH ,Michoacan de Ocampo
MICH ,Michoacan de Ocampo
MICH ,Michoacan de Ocampo
MICH ,Michoacan de Ocampo
MICH ,Michoacan de Ocampo
MICH ,Michoacan de Ocampo
MICH ,Michoacan de Ocampo
MICH ,Michoacan de Ocampo
MICH ,Michoacan de Ocampo
MICH ,Michoacan de Ocampo
MICH ,Michoacan de Ocampo
MICH ,Michoacan de Ocampo
MICH ,Michoacan de Ocampo
MICH ,Michoacan de Ocampo
MICH ,Michoacan de Ocampo
MICH ,Michoacan de Ocampo
MICH ,Michoacan de Ocampo
MICH ,Michoacan de Ocampo
MICH ,Michoacan de Ocampo
MICH ,Michoacan de Ocampo
MICH ,Michoacan de Ocampo
MICH ,Michoacan de Ocampo
MICH ,Michoacan de Ocampo
MICH ,Michoacan de Ocampo
MICH ,Michoacan de Ocampo
MICH ,Michoacan de Ocampo
MICH ,Michoacan de Ocampo
MICH ,Michoacan de Ocampo
MICH ,Michoacan de Ocampo
MICH ,Michoacan de Ocampo
MICH ,Michoacan de Ocampo
MICH ,Michoacan de Ocampo
MICH ,Michoacan de Ocampo
MICH ,Michoacan de Ocampo
MICH ,Michoacan de Ocampo
MICH ,Michoacan de Ocampo
MICH ,Michoacan de Ocampo
MICH ,Michoacan de Ocampo
MOR,Morelos
MOR,Morelos
MOR,Morelos
MOR,Morelos
MOR,Morelos
MOR,Morelos
MOR,Morelos
MOR,Morelos
MOR,Morelos
MOR,Morelos
MOR,Morelos
MOR,Morelos
MOR,Morelos
MOR,Morelos
MOR,Morelos
MOR,Morelos
MOR,Morelos
MOR,Morelos
MOR,Morelos
MOR,Morelos
MOR,Morelos
MOR,Morelos
MOR,Morelos
MOR,Morelos
MOR,Morelos
MOR,Morelos
MOR,Morelos
MOR,Morelos
MOR,Morelos
MOR,Morelos
MOR,Morelos
MOR,Morelos
MOR,Morelos
NAY,Nayarit
NAY,Nayarit
NAY,Nayarit
NAY,Nayarit
NAY,Nayarit
NAY,Nayarit
NAY,Nayarit
NAY,Nayarit
NAY,Nayarit
NAY,Nayarit
NAY,Nayarit
NAY,Nayarit
NAY,Nayarit
NAY,Nayarit
NAY,Nayarit
NAY,Nayarit
NAY,Nayarit
NAY,Nayarit
NAY,Nayarit
NAY,Nayarit
NL,Nuevo Leon
NL,Nuevo Leon
NL,Nuevo Leon
NL,Nuevo Leon
NL,Nuevo Leon
NL,Nuevo Leon
NL,Nuevo Leon
NL,Nuevo Leon
NL,Nuevo Leon
NL,Nuevo Leon
NL,Nuevo Leon
NL,Nuevo Leon
NL,Nuevo Leon
NL,Nuevo Leon
NL,Nuevo Leon
NL,Nuevo Leon
NL,Nuevo Leon
NL,Nuevo Leon
NL,Nuevo Leon
NL,Nuevo Leon
NL,Nuevo Leon
NL,Nuevo Leon
NL,Nuevo Leon
NL,Nuevo Leon
NL,Nuevo Leon
NL,Nuevo Leon
NL,Nuevo Leon
NL,Nuevo Leon
NL,Nuevo Leon
NL,Nuevo Leon
NL,Nuevo Leon
NL,Nuevo Leon
NL,Nuevo Leon
NL,Nuevo Leon
NL,Nuevo Leon
NL,Nuevo Leon
NL,Nuevo Leon
NL,Nuevo Leon
NL,Nuevo Leon
NL,Nuevo Leon
NL,Nuevo Leon
NL,Nuevo Leon
NL,Nuevo Leon
NL,Nuevo Leon
NL,Nuevo Leon
NL,Nuevo Leon
NL,Nuevo Leon
NL,Nuevo Leon
NL,Nuevo Leon
NL,Nuevo Leon
NL,Nuevo Leon
OAX,Oaxaca
OAX,Oaxaca
OAX,Oaxaca
OAX,Oaxaca
OAX,Oaxaca
OAX,Oaxaca
OAX,Oaxaca
OAX,Oaxaca
OAX,Oaxaca
OAX,Oaxaca
OAX,Oaxaca
OAX,Oaxaca
OAX,Oaxaca
OAX,Oaxaca
OAX,Oaxaca
OAX,Oaxaca
OAX,Oaxaca
OAX,Oaxaca
OAX,Oaxaca
OAX,Oaxaca
OAX,Oaxaca
OAX,Oaxaca
OAX,Oaxaca
OAX,Oaxaca
OAX,Oaxaca
OAX,Oaxaca
OAX,Oaxaca
OAX,Oaxaca
OAX,Oaxaca
OAX,Oaxaca
OAX,Oaxaca
OAX,Oaxaca
OAX,Oaxaca
OAX,Oaxaca
OAX,Oaxaca
OAX,Oaxaca
OAX,Oaxaca
OAX,Oaxaca
OAX,Oaxaca
OAX,Oaxaca
OAX,Oaxaca
OAX,Oaxaca
OAX,Oaxaca
OAX,Oaxaca
OAX,Oaxaca
OAX,Oaxaca
OAX,Oaxaca
OAX,Oaxaca
OAX,Oaxaca
OAX,Oaxaca
OAX,Oaxaca
OAX,Oaxaca
OAX,Oaxaca
OAX,Oaxaca
OAX,Oaxaca
OAX,Oaxaca
OAX,Oaxaca
OAX,Oaxaca
OAX,Oaxaca
OAX,Oaxaca
OAX,Oaxaca
OAX,Oaxaca
OAX,Oaxaca
OAX,Oaxaca
OAX,Oaxaca
OAX,Oaxaca
OAX,Oaxaca
OAX,Oaxaca
OAX,Oaxaca
OAX,Oaxaca
OAX,Oaxaca
OAX,Oaxaca
OAX,Oaxaca
OAX,Oaxaca
OAX,Oaxaca
OAX,Oaxaca
OAX,Oaxaca
OAX,Oaxaca
OAX,Oaxaca
OAX,Oaxaca
OAX,Oaxaca
OAX,Oaxaca
OAX,Oaxaca
OAX,Oaxaca
OAX,Oaxaca
OAX,Oaxaca
OAX,Oaxaca
OAX,Oaxaca
OAX,Oaxaca
OAX,Oaxaca
OAX,Oaxaca
OAX,Oaxaca
OAX,Oaxaca
OAX,Oaxaca
OAX,Oaxaca
OAX,Oaxaca
OAX,Oaxaca
OAX,Oaxaca
OAX,Oaxaca
OAX,Oaxaca
OAX,Oaxaca
OAX,Oaxaca
OAX,Oaxaca
OAX,Oaxaca
OAX,Oaxaca
OAX,Oaxaca
OAX,Oaxaca
OAX,Oaxaca
OAX,Oaxaca
OAX,Oaxaca
OAX,Oaxaca
OAX,Oaxaca
OAX,Oaxaca
OAX,Oaxaca
OAX,Oaxaca
OAX,Oaxaca
OAX,Oaxaca
OAX,Oaxaca
OAX,Oaxaca
OAX,Oaxaca
OAX,Oaxaca
OAX,Oaxaca
OAX,Oaxaca
OAX,Oaxaca
OAX,Oaxaca
OAX,Oaxaca
OAX,Oaxaca
OAX,Oaxaca
OAX,Oaxaca
OAX,Oaxaca
OAX,Oaxaca
OAX,Oaxaca
OAX,Oaxaca
OAX,Oaxaca
OAX,Oaxaca
OAX,Oaxaca
OAX,Oaxaca
OAX,Oaxaca
OAX,Oaxaca
OAX,Oaxaca
OAX,Oaxaca
OAX,Oaxaca
OAX,Oaxaca
OAX,Oaxaca
OAX,Oaxaca
OAX,Oaxaca
OAX,Oaxaca
OAX,Oaxaca
OAX,Oaxaca
OAX,Oaxaca
OAX,Oaxaca
OAX,Oaxaca
OAX,Oaxaca
OAX,Oaxaca
OAX,Oaxaca
OAX,Oaxaca
OAX,Oaxaca
OAX,Oaxaca
OAX,Oaxaca
OAX,Oaxaca
OAX,Oaxaca
OAX,Oaxaca
OAX,Oaxaca
OAX,Oaxaca
OAX,Oaxaca
OAX,Oaxaca
OAX,Oaxaca
OAX,Oaxaca
OAX,Oaxaca
OAX,Oaxaca
OAX,Oaxaca
OAX,Oaxaca
OAX,Oaxaca
OAX,Oaxaca
OAX,Oaxaca
OAX,Oaxaca
OAX,Oaxaca
OAX,Oaxaca
OAX,Oaxaca
OAX,Oaxaca
OAX,Oaxaca
OAX,Oaxaca
OAX,Oaxaca
OAX,Oaxaca
OAX,Oaxaca
OAX,Oaxaca
OAX,Oaxaca
OAX,Oaxaca
OAX,Oaxaca
OAX,Oaxaca
OAX,Oaxaca
OAX,Oaxaca
OAX,Oaxaca
OAX,Oaxaca
OAX,Oaxaca
OAX,Oaxaca
OAX,Oaxaca
OAX,Oaxaca
OAX,Oaxaca
OAX,Oaxaca
OAX,Oaxaca
OAX,Oaxaca
OAX,Oaxaca
OAX,Oaxaca
OAX,Oaxaca
OAX,Oaxaca
OAX,Oaxaca
OAX,Oaxaca
OAX,Oaxaca
OAX,Oaxaca
OAX,Oaxaca
OAX,Oaxaca
OAX,Oaxaca
OAX,Oaxaca
OAX,Oaxaca
OAX,Oaxaca
OAX,Oaxaca
OAX,Oaxaca
OAX,Oaxaca
OAX,Oaxaca
OAX,Oaxaca
OAX,Oaxaca
OAX,Oaxaca
OAX,Oaxaca
OAX,Oaxaca
OAX,Oaxaca
OAX,Oaxaca
OAX,Oaxaca
OAX,Oaxaca
OAX,Oaxaca
OAX,Oaxaca
OAX,Oaxaca
OAX,Oaxaca
OAX,Oaxaca
OAX,Oaxaca
OAX,Oaxaca
OAX,Oaxaca
OAX,Oaxaca
OAX,Oaxaca
OAX,Oaxaca
OAX,Oaxaca
OAX,Oaxaca
OAX,Oaxaca
OAX,Oaxaca
OAX,Oaxaca
OAX,Oaxaca
OAX,Oaxaca
OAX,Oaxaca
OAX,Oaxaca
OAX,Oaxaca
OAX,Oaxaca
OAX,Oaxaca
OAX,Oaxaca
OAX,Oaxaca
OAX,Oaxaca
OAX,Oaxaca
OAX,Oaxaca
OAX,Oaxaca
OAX,Oaxaca
OAX,Oaxaca
OAX,Oaxaca
OAX,Oaxaca
OAX,Oaxaca
OAX,Oaxaca
OAX,Oaxaca
OAX,Oaxaca
OAX,Oaxaca
OAX,Oaxaca
OAX,Oaxaca
OAX,Oaxaca
OAX,Oaxaca
OAX,Oaxaca
OAX,Oaxaca
OAX,Oaxaca
OAX,Oaxaca
OAX,Oaxaca
OAX,Oaxaca
OAX,Oaxaca
OAX,Oaxaca
OAX,Oaxaca
OAX,Oaxaca
OAX,Oaxaca
OAX,Oaxaca
OAX,Oaxaca
OAX,Oaxaca
OAX,Oaxaca
OAX,Oaxaca
OAX,Oaxaca
OAX,Oaxaca
OAX,Oaxaca
OAX,Oaxaca
OAX,Oaxaca
OAX,Oaxaca
OAX,Oaxaca
OAX,Oaxaca
OAX,Oaxaca
OAX,Oaxaca
OAX,Oaxaca
OAX,Oaxaca
OAX,Oaxaca
OAX,Oaxaca
OAX,Oaxaca
OAX,Oaxaca
OAX,Oaxaca
OAX,Oaxaca
OAX,Oaxaca
OAX,Oaxaca
OAX,Oaxaca
OAX,Oaxaca
OAX,Oaxaca
OAX,Oaxaca
OAX,Oaxaca
OAX,Oaxaca
OAX,Oaxaca
OAX,Oaxaca
OAX,Oaxaca
OAX,Oaxaca
OAX,Oaxaca
OAX,Oaxaca
OAX,Oaxaca
OAX,Oaxaca
OAX,Oaxaca
OAX,Oaxaca
OAX,Oaxaca
OAX,Oaxaca
OAX,Oaxaca
OAX,Oaxaca
OAX,Oaxaca
OAX,Oaxaca
OAX,Oaxaca
OAX,Oaxaca
OAX,Oaxaca
OAX,Oaxaca
OAX,Oaxaca
OAX,Oaxaca
OAX,Oaxaca
OAX,Oaxaca
OAX,Oaxaca
OAX,Oaxaca
OAX,Oaxaca
OAX,Oaxaca
OAX,Oaxaca
OAX,Oaxaca
OAX,Oaxaca
OAX,Oaxaca
OAX,Oaxaca
OAX,Oaxaca
OAX,Oaxaca
OAX,Oaxaca
OAX,Oaxaca
OAX,Oaxaca
OAX,Oaxaca
OAX,Oaxaca
OAX,Oaxaca
OAX,Oaxaca
OAX,Oaxaca
OAX,Oaxaca
OAX,Oaxaca
OAX,Oaxaca
OAX,Oaxaca
OAX,Oaxaca
OAX,Oaxaca
OAX,Oaxaca
OAX,Oaxaca
OAX,Oaxaca
OAX,Oaxaca
OAX,Oaxaca
OAX,Oaxaca
OAX,Oaxaca
OAX,Oaxaca
OAX,Oaxaca
OAX,Oaxaca
OAX,Oaxaca
OAX,Oaxaca
OAX,Oaxaca
OAX,Oaxaca
OAX,Oaxaca
OAX,Oaxaca
OAX,Oaxaca
OAX,Oaxaca
OAX,Oaxaca
OAX,Oaxaca
OAX,Oaxaca
OAX,Oaxaca
OAX,Oaxaca
OAX,Oaxaca
OAX,Oaxaca
OAX,Oaxaca
OAX,Oaxaca
OAX,Oaxaca
OAX,Oaxaca
OAX,Oaxaca
OAX,Oaxaca
OAX,Oaxaca
OAX,Oaxaca
OAX,Oaxaca
OAX,Oaxaca
OAX,Oaxaca
OAX,Oaxaca
OAX,Oaxaca
OAX,Oaxaca
OAX,Oaxaca
OAX,Oaxaca
OAX,Oaxaca
OAX,Oaxaca
OAX,Oaxaca
OAX,Oaxaca
OAX,Oaxaca
OAX,Oaxaca
OAX,Oaxaca
OAX,Oaxaca
OAX,Oaxaca
OAX,Oaxaca
OAX,Oaxaca
OAX,Oaxaca
OAX,Oaxaca
OAX,Oaxaca
OAX,Oaxaca
OAX,Oaxaca
OAX,Oaxaca
OAX,Oaxaca
OAX,Oaxaca
OAX,Oaxaca
OAX,Oaxaca
OAX,Oaxaca
OAX,Oaxaca
OAX,Oaxaca
OAX,Oaxaca
OAX,Oaxaca
OAX,Oaxaca
OAX,Oaxaca
OAX,Oaxaca
OAX,Oaxaca
OAX,Oaxaca
OAX,Oaxaca
OAX,Oaxaca
OAX,Oaxaca
OAX,Oaxaca
OAX,Oaxaca
OAX,Oaxaca
OAX,Oaxaca
OAX,Oaxaca
OAX,Oaxaca
OAX,Oaxaca
OAX,Oaxaca
OAX,Oaxaca
OAX,Oaxaca
OAX,Oaxaca
OAX,Oaxaca
OAX,Oaxaca
OAX,Oaxaca
OAX,Oaxaca
OAX,Oaxaca
OAX,Oaxaca
OAX,Oaxaca
OAX,Oaxaca
OAX,Oaxaca
OAX,Oaxaca
OAX,Oaxaca
OAX,Oaxaca
OAX,Oaxaca
OAX,Oaxaca
OAX,Oaxaca
OAX,Oaxaca
OAX,Oaxaca
OAX,Oaxaca
OAX,Oaxaca
OAX,Oaxaca
OAX,Oaxaca
OAX,Oaxaca
OAX,Oaxaca
OAX,Oaxaca
OAX,Oaxaca
OAX,Oaxaca
OAX,Oaxaca
OAX,Oaxaca
OAX,Oaxaca
OAX,Oaxaca
OAX,Oaxaca
OAX,Oaxaca
OAX,Oaxaca
OAX,Oaxaca
OAX,Oaxaca
OAX,Oaxaca
OAX,Oaxaca
OAX,Oaxaca
OAX,Oaxaca
OAX,Oaxaca
OAX,Oaxaca
OAX,Oaxaca
OAX,Oaxaca
OAX,Oaxaca
OAX,Oaxaca
OAX,Oaxaca
OAX,Oaxaca
OAX,Oaxaca
OAX,Oaxaca
OAX,Oaxaca
OAX,Oaxaca
OAX,Oaxaca
OAX,Oaxaca
OAX,Oaxaca
OAX,Oaxaca
OAX,Oaxaca
OAX,Oaxaca
OAX,Oaxaca
OAX,Oaxaca
OAX,Oaxaca
OAX,Oaxaca
OAX,Oaxaca
OAX,Oaxaca
OAX,Oaxaca
OAX,Oaxaca
OAX,Oaxaca
OAX,Oaxaca
OAX,Oaxaca
OAX,Oaxaca
OAX,Oaxaca
OAX,Oaxaca
OAX,Oaxaca
OAX,Oaxaca
OAX,Oaxaca
OAX,Oaxaca
OAX,Oaxaca
OAX,Oaxaca
OAX,Oaxaca
OAX,Oaxaca
OAX,Oaxaca
OAX,Oaxaca
OAX,Oaxaca
OAX,Oaxaca
OAX,Oaxaca
OAX,Oaxaca
OAX,Oaxaca
OAX,Oaxaca
OAX,Oaxaca
OAX,Oaxaca
OAX,Oaxaca
OAX,Oaxaca
OAX,Oaxaca
OAX,Oaxaca
OAX,Oaxaca
OAX,Oaxaca
OAX,Oaxaca
OAX,Oaxaca
OAX,Oaxaca
OAX,Oaxaca
OAX,Oaxaca
OAX,Oaxaca
OAX,Oaxaca
OAX,Oaxaca
OAX,Oaxaca
OAX,Oaxaca
OAX,Oaxaca
OAX,Oaxaca
OAX,Oaxaca
OAX,Oaxaca
OAX,Oaxaca
OAX,Oaxaca
OAX,Oaxaca
OAX,Oaxaca
OAX,Oaxaca
OAX,Oaxaca
OAX,Oaxaca
OAX,Oaxaca
OAX,Oaxaca
OAX,Oaxaca
OAX,Oaxaca
OAX,Oaxaca
OAX,Oaxaca
PUE,Puebla
PUE,Puebla
PUE,Puebla
PUE,Puebla
PUE,Puebla
PUE,Puebla
PUE,Puebla
PUE,Puebla
PUE,Puebla
PUE,Puebla
PUE,Puebla
PUE,Puebla
PUE,Puebla
PUE,Puebla
PUE,Puebla
PUE,Puebla
PUE,Puebla
PUE,Puebla
PUE,Puebla
PUE,Puebla
PUE,Puebla
PUE,Puebla
PUE,Puebla
PUE,Puebla
PUE,Puebla
PUE,Puebla
PUE,Puebla
PUE,Puebla
PUE,Puebla
PUE,Puebla
PUE,Puebla
PUE,Puebla
PUE,Puebla
PUE,Puebla
PUE,Puebla
PUE,Puebla
PUE,Puebla
PUE,Puebla
PUE,Puebla
PUE,Puebla
PUE,Puebla
PUE,Puebla
PUE,Puebla
PUE,Puebla
PUE,Puebla
PUE,Puebla
PUE,Puebla
PUE,Puebla
PUE,Puebla
PUE,Puebla
PUE,Puebla
PUE,Puebla
PUE,Puebla
PUE,Puebla
PUE,Puebla
PUE,Puebla
PUE,Puebla
PUE,Puebla
PUE,Puebla
PUE,Puebla
PUE,Puebla
PUE,Puebla
PUE,Puebla
PUE,Puebla
PUE,Puebla
PUE,Puebla
PUE,Puebla
PUE,Puebla
PUE,Puebla
PUE,Puebla
PUE,Puebla
PUE,Puebla
PUE,Puebla
PUE,Puebla
PUE,Puebla
PUE,Puebla
PUE,Puebla
PUE,Puebla
PUE,Puebla
PUE,Puebla
PUE,Puebla
PUE,Puebla
PUE,Puebla
PUE,Puebla
PUE,Puebla
PUE,Puebla
PUE,Puebla
PUE,Puebla
PUE,Puebla
PUE,Puebla
PUE,Puebla
PUE,Puebla
PUE,Puebla
PUE,Puebla
PUE,Puebla
PUE,Puebla
PUE,Puebla
PUE,Puebla
PUE,Puebla
PUE,Puebla
PUE,Puebla
PUE,Puebla
PUE,Puebla
PUE,Puebla
PUE,Puebla
PUE,Puebla
PUE,Puebla
PUE,Puebla
PUE,Puebla
PUE,Puebla
PUE,Puebla
PUE,Puebla
PUE,Puebla
PUE,Puebla
PUE,Puebla
PUE,Puebla
PUE,Puebla
PUE,Puebla
PUE,Puebla
PUE,Puebla
PUE,Puebla
PUE,Puebla
PUE,Puebla
PUE,Puebla
PUE,Puebla
PUE,Puebla
PUE,Puebla
PUE,Puebla
PUE,Puebla
PUE,Puebla
PUE,Puebla
PUE,Puebla
PUE,Puebla
PUE,Puebla
PUE,Puebla
PUE,Puebla
PUE,Puebla
PUE,Puebla
PUE,Puebla
PUE,Puebla
PUE,Puebla
PUE,Puebla
PUE,Puebla
PUE,Puebla
PUE,Puebla
PUE,Puebla
PUE,Puebla
PUE,Puebla
PUE,Puebla
PUE,Puebla
PUE,Puebla
PUE,Puebla
PUE,Puebla
PUE,Puebla
PUE,Puebla
PUE,Puebla
PUE,Puebla
PUE,Puebla
PUE,Puebla
PUE,Puebla
PUE,Puebla
PUE,Puebla
PUE,Puebla
PUE,Puebla
PUE,Puebla
PUE,Puebla
PUE,Puebla
PUE,Puebla
PUE,Puebla
PUE,Puebla
PUE,Puebla
PUE,Puebla
PUE,Puebla
PUE,Puebla
PUE,Puebla
PUE,Puebla
PUE,Puebla
PUE,Puebla
PUE,Puebla
PUE,Puebla
PUE,Puebla
PUE,Puebla
PUE,Puebla
PUE,Puebla
PUE,Puebla
PUE,Puebla
PUE,Puebla
PUE,Puebla
PUE,Puebla
PUE,Puebla
PUE,Puebla
PUE,Puebla
PUE,Puebla
PUE,Puebla
PUE,Puebla
PUE,Puebla
PUE,Puebla
PUE,Puebla
PUE,Puebla
PUE,Puebla
PUE,Puebla
PUE,Puebla
PUE,Puebla
PUE,Puebla
PUE,Puebla
PUE,Puebla
PUE,Puebla
PUE,Puebla
PUE,Puebla
PUE,Puebla
PUE,Puebla
PUE,Puebla
PUE,Puebla
PUE,Puebla
PUE,Puebla
PUE,Puebla
PUE,Puebla
QRO,Queretaro
QRO,Queretaro
QRO,Queretaro
QRO,Queretaro
QRO,Queretaro
QRO,Queretaro
QRO,Queretaro
QRO,Queretaro
QRO,Queretaro
QRO,Queretaro
QRO,Queretaro
QRO,Queretaro
QRO,Queretaro
QRO,Queretaro
QRO,Queretaro
QRO,Queretaro
QRO,Queretaro
QRO,Queretaro
QROO,Quintana Roo
QROO,Quintana Roo
QROO,Quintana Roo
QROO,Quintana Roo
QROO,Quintana Roo
QROO,Quintana Roo
QROO,Quintana Roo
QROO,Quintana Roo
QROO,Quintana Roo
QROO,Quintana Roo
QROO,Quintana Roo
SLP,San Luis Potosi
SLP,San Luis Potosi
SLP,San Luis Potosi
SLP,San Luis Potosi
SLP,San Luis Potosi
SLP,San Luis Potosi
SLP,San Luis Potosi
SLP,San Luis Potosi
SLP,San Luis Potosi
SLP,San Luis Potosi
SLP,San Luis Potosi
SLP,San Luis Potosi
SLP,San Luis Potosi
SLP,San Luis Potosi
SLP,San Luis Potosi
SLP,San Luis Potosi
SLP,San Luis Potosi
SLP,San Luis Potosi
SLP,San Luis Potosi
SLP,San Luis Potosi
SLP,San Luis Potosi
SLP,San Luis Potosi
SLP,San Luis Potosi
SLP,San Luis Potosi
SLP,San Luis Potosi
SLP,San Luis Potosi
SLP,San Luis Potosi
SLP,San Luis Potosi
SLP,San Luis Potosi
SLP,San Luis Potosi
SLP,San Luis Potosi
SLP,San Luis Potosi
SLP,San Luis Potosi
SLP,San Luis Potosi
SLP,San Luis Potosi
SLP,San Luis Potosi
SLP,San Luis Potosi
SLP,San Luis Potosi
SLP,San Luis Potosi
SLP,San Luis Potosi
SLP,San Luis Potosi
SLP,San Luis Potosi
SLP,San Luis Potosi
SLP,San Luis Potosi
SLP,San Luis Potosi
SLP,San Luis Potosi
SLP,San Luis Potosi
SLP,San Luis Potosi
SLP,San Luis Potosi
SLP,San Luis Potosi
SLP,San Luis Potosi
SLP,San Luis Potosi
SLP,San Luis Potosi
SLP,San Luis Potosi
SLP,San Luis Potosi
SLP,San Luis Potosi
SLP,San Luis Potosi
SLP,San Luis Potosi
SIN,Sinaloa
SIN,Sinaloa
SIN,Sinaloa
SIN,Sinaloa
SIN,Sinaloa
SIN,Sinaloa
SIN,Sinaloa
SIN,Sinaloa
SIN,Sinaloa
SIN,Sinaloa
SIN,Sinaloa
SIN,Sinaloa
SIN,Sinaloa
SIN,Sinaloa
SIN,Sinaloa
SIN,Sinaloa
SIN,Sinaloa
SIN,Sinaloa
SON,Sonora
SON,Sonora
SON,Sonora
SON,Sonora
SON,Sonora
SON,Sonora
SON,Sonora
SON,Sonora
SON,Sonora
SON,Sonora
SON,Sonora
SON,Sonora
SON,Sonora
SON,Sonora
SON,Sonora
SON,Sonora
SON,Sonora
SON,Sonora
SON,Sonora
SON,Sonora
SON,Sonora
SON,Sonora
SON,Sonora
SON,Sonora
SON,Sonora
SON,Sonora
SON,Sonora
SON,Sonora
SON,Sonora
SON,Sonora
SON,Sonora
SON,Sonora
SON,Sonora
SON,Sonora
SON,Sonora
SON,Sonora
SON,Sonora
SON,Sonora
SON,Sonora
SON,Sonora
SON,Sonora
SON,Sonora
SON,Sonora
SON,Sonora
SON,Sonora
SON,Sonora
SON,Sonora
SON,Sonora
SON,Sonora
SON,Sonora
SON,Sonora
SON,Sonora
SON,Sonora
SON,Sonora
SON,Sonora
SON,Sonora
SON,Sonora
SON,Sonora
SON,Sonora
SON,Sonora
SON,Sonora
SON,Sonora
SON,Sonora
SON,Sonora
SON,Sonora
SON,Sonora
SON,Sonora
SON,Sonora
SON,Sonora
SON,Sonora
SON,Sonora
SON,Sonora
TAB,Tabasco
TAB,Tabasco
TAB,Tabasco
TAB,Tabasco
TAB,Tabasco
TAB,Tabasco
TAB,Tabasco
TAB,Tabasco
TAB,Tabasco
TAB,Tabasco
TAB,Tabasco
TAB,Tabasco
TAB,Tabasco
TAB,Tabasco
TAB,Tabasco
TAB,Tabasco
TAB,Tabasco
TAM,Tamaulipas
TAM,Tamaulipas
TAM,Tamaulipas
TAM,Tamaulipas
TAM,Tamaulipas
TAM,Tamaulipas
TAM,Tamaulipas
TAM,Tamaulipas
TAM,Tamaulipas
TAM,Tamaulipas
TAM,Tamaulipas
TAM,Tamaulipas
TAM,Tamaulipas
TAM,Tamaulipas
TAM,Tamaulipas
TAM,Tamaulipas
TAM,Tamaulipas
TAM,Tamaulipas
TAM,Tamaulipas
TAM,Tamaulipas
TAM,Tamaulipas
TAM,Tamaulipas
TAM,Tamaulipas
TAM,Tamaulipas
TAM,Tamaulipas
TAM,Tamaulipas
TAM,Tamaulipas
TAM,Tamaulipas
TAM,Tamaulipas
TAM,Tamaulipas
TAM,Tamaulipas
TAM,Tamaulipas
TAM,Tamaulipas
TAM,Tamaulipas
TAM,Tamaulipas
TAM,Tamaulipas
TAM,Tamaulipas
TAM,Tamaulipas
TAM,Tamaulipas
TAM,Tamaulipas
TAM,Tamaulipas
TAM,Tamaulipas
TAM,Tamaulipas
TLAX,Tlaxcala
TLAX,Tlaxcala
TLAX,Tlaxcala
TLAX,Tlaxcala
TLAX,Tlaxcala
TLAX,Tlaxcala
TLAX,Tlaxcala
TLAX,Tlaxcala
TLAX,Tlaxcala
TLAX,Tlaxcala
TLAX,Tlaxcala
TLAX,Tlaxcala
TLAX,Tlaxcala
TLAX,Tlaxcala
TLAX,Tlaxcala
TLAX,Tlaxcala
TLAX,Tlaxcala
TLAX,Tlaxcala
TLAX,Tlaxcala
TLAX,Tlaxcala
TLAX,Tlaxcala
TLAX,Tlaxcala
TLAX,Tlaxcala
TLAX,Tlaxcala
TLAX,Tlaxcala
TLAX,Tlaxcala
TLAX,Tlaxcala
TLAX,Tlaxcala
TLAX,Tlaxcala
TLAX,Tlaxcala
TLAX,Tlaxcala
TLAX,Tlaxcala
TLAX,Tlaxcala
TLAX,Tlaxcala
TLAX,Tlaxcala
TLAX,Tlaxcala
TLAX,Tlaxcala
TLAX,Tlaxcala
TLAX,Tlaxcala
TLAX,Tlaxcala
TLAX,Tlaxcala
TLAX,Tlaxcala
TLAX,Tlaxcala
TLAX,Tlaxcala
TLAX,Tlaxcala
TLAX,Tlaxcala
TLAX,Tlaxcala
TLAX,Tlaxcala
TLAX,Tlaxcala
TLAX,Tlaxcala
TLAX,Tlaxcala
TLAX,Tlaxcala
TLAX,Tlaxcala
TLAX,Tlaxcala
TLAX,Tlaxcala
TLAX,Tlaxcala
TLAX,Tlaxcala
TLAX,Tlaxcala
TLAX,Tlaxcala
TLAX,Tlaxcala
VER,Veracruz de Ignacio de la Llave
VER,Veracruz de Ignacio de la Llave
VER,Veracruz de Ignacio de la Llave
VER,Veracruz de Ignacio de la Llave
VER,Veracruz de Ignacio de la Llave
VER,Veracruz de Ignacio de la Llave
VER,Veracruz de Ignacio de la Llave
VER,Veracruz de Ignacio de la Llave
VER,Veracruz de Ignacio de la Llave
VER,Veracruz de Ignacio de la Llave
VER,Veracruz de Ignacio de la Llave
VER,Veracruz de Ignacio de la Llave
VER,Veracruz de Ignacio de la Llave
VER,Veracruz de Ignacio de la Llave
VER,Veracruz de Ignacio de la Llave
VER,Veracruz de Ignacio de la Llave
VER,Veracruz de Ignacio de la Llave
VER,Veracruz de Ignacio de la Llave
VER,Veracruz de Ignacio de la Llave
VER,Veracruz de Ignacio de la Llave
VER,Veracruz de Ignacio de la Llave
VER,Veracruz de Ignacio de la Llave
VER,Veracruz de Ignacio de la Llave
VER,Veracruz de Ignacio de la Llave
VER,Veracruz de Ignacio de la Llave
VER,Veracruz de Ignacio de la Llave
VER,Veracruz de Ignacio de la Llave
VER,Veracruz de Ignacio de la Llave
VER,Veracruz de Ignacio de la Llave
VER,Veracruz de Ignacio de la Llave
VER,Veracruz de Ignacio de la Llave
VER,Veracruz de Ignacio de la Llave
VER,Veracruz de Ignacio de la Llave
VER,Veracruz de Ignacio de la Llave
VER,Veracruz de Ignacio de la Llave
VER,Veracruz de Ignacio de la Llave
VER,Veracruz de Ignacio de la Llave
VER,Veracruz de Ignacio de la Llave
VER,Veracruz de Ignacio de la Llave
VER,Veracruz de Ignacio de la Llave
VER,Veracruz de Ignacio de la Llave
VER,Veracruz de Ignacio de la Llave
VER,Veracruz de Ignacio de la Llave
VER,Veracruz de Ignacio de la Llave
VER,Veracruz de Ignacio de la Llave
VER,Veracruz de Ignacio de la Llave
VER,Veracruz de Ignacio de la Llave
VER,Veracruz de Ignacio de la Llave
VER,Veracruz de Ignacio de la Llave
VER,Veracruz de Ignacio de la Llave
VER,Veracruz de Ignacio de la Llave
VER,Veracruz de Ignacio de la Llave
VER,Veracruz de Ignacio de la Llave
VER,Veracruz de Ignacio de la Llave
VER,Veracruz de Ignacio de la Llave
VER,Veracruz de Ignacio de la Llave
VER,Veracruz de Ignacio de la Llave
VER,Veracruz de Ignacio de la Llave
VER,Veracruz de Ignacio de la Llave
VER,Veracruz de Ignacio de la Llave
VER,Veracruz de Ignacio de la Llave
VER,Veracruz de Ignacio de la Llave
VER,Veracruz de Ignacio de la Llave
VER,Veracruz de Ignacio de la Llave
VER,Veracruz de Ignacio de la Llave
VER,Veracruz de Ignacio de la Llave
VER,Veracruz de Ignacio de la Llave
VER,Veracruz de Ignacio de la Llave
VER,Veracruz de Ignacio de la Llave
VER,Veracruz de Ignacio de la Llave
VER,Veracruz de Ignacio de la Llave
VER,Veracruz de Ignacio de la Llave
VER,Veracruz de Ignacio de la Llave
VER,Veracruz de Ignacio de la Llave
VER,Veracruz de Ignacio de la Llave
VER,Veracruz de Ignacio de la Llave
VER,Veracruz de Ignacio de la Llave
VER,Veracruz de Ignacio de la Llave
VER,Veracruz de Ignacio de la Llave
VER,Veracruz de Ignacio de la Llave
VER,Veracruz de Ignacio de la Llave
VER,Veracruz de Ignacio de la Llave
VER,Veracruz de Ignacio de la Llave
VER,Veracruz de Ignacio de la Llave
VER,Veracruz de Ignacio de la Llave
VER,Veracruz de Ignacio de la Llave
VER,Veracruz de Ignacio de la Llave
VER,Veracruz de Ignacio de la Llave
VER,Veracruz de Ignacio de la Llave
VER,Veracruz de Ignacio de la Llave
VER,Veracruz de Ignacio de la Llave
VER,Veracruz de Ignacio de la Llave
VER,Veracruz de Ignacio de la Llave
VER,Veracruz de Ignacio de la Llave
VER,Veracruz de Ignacio de la Llave
VER,Veracruz de Ignacio de la Llave
VER,Veracruz de Ignacio de la Llave
VER,Veracruz de Ignacio de la Llave
VER,Veracruz de Ignacio de la Llave
VER,Veracruz de Ignacio de la Llave
VER,Veracruz de Ignacio de la Llave
VER,Veracruz de Ignacio de la Llave
VER,Veracruz de Ignacio de la Llave
VER,Veracruz de Ignacio de la Llave
VER,Veracruz de Ignacio de la Llave
VER,Veracruz de Ignacio de la Llave
VER,Veracruz de Ignacio de la Llave
VER,Veracruz de Ignacio de la Llave
VER,Veracruz de Ignacio de la Llave
VER,Veracruz de Ignacio de la Llave
VER,Veracruz de Ignacio de la Llave
VER,Veracruz de Ignacio de la Llave
VER,Veracruz de Ignacio de la Llave
VER,Veracruz de Ignacio de la Llave
VER,Veracruz de Ignacio de la Llave
VER,Veracruz de Ignacio de la Llave
VER,Veracruz de Ignacio de la Llave
VER,Veracruz de Ignacio de la Llave
VER,Veracruz de Ignacio de la Llave
VER,Veracruz de Ignacio de la Llave
VER,Veracruz de Ignacio de la Llave
VER,Veracruz de Ignacio de la Llave
VER,Veracruz de Ignacio de la Llave
VER,Veracruz de Ignacio de la Llave
VER,Veracruz de Ignacio de la Llave
VER,Veracruz de Ignacio de la Llave
VER,Veracruz de Ignacio de la Llave
VER,Veracruz de Ignacio de la Llave
VER,Veracruz de Ignacio de la Llave
VER,Veracruz de Ignacio de la Llave
VER,Veracruz de Ignacio de la Llave
VER,Veracruz de Ignacio de la Llave
VER,Veracruz de Ignacio de la Llave
VER,Veracruz de Ignacio de la Llave
VER,Veracruz de Ignacio de la Llave
VER,Veracruz de Ignacio de la Llave
VER,Veracruz de Ignacio de la Llave
VER,Veracruz de Ignacio de la Llave
VER,Veracruz de Ignacio de la Llave
VER,Veracruz de Ignacio de la Llave
VER,Veracruz de Ignacio de la Llave
VER,Veracruz de Ignacio de la Llave
VER,Veracruz de Ignacio de la Llave
VER,Veracruz de Ignacio de la Llave
VER,Veracruz de Ignacio de la Llave
VER,Veracruz de Ignacio de la Llave
VER,Veracruz de Ignacio de la Llave
VER,Veracruz de Ignacio de la Llave
VER,Veracruz de Ignacio de la Llave
VER,Veracruz de Ignacio de la Llave
VER,Veracruz de Ignacio de la Llave
VER,Veracruz de Ignacio de la Llave
VER,Veracruz de Ignacio de la Llave
VER,Veracruz de Ignacio de la Llave
VER,Veracruz de Ignacio de la Llave
VER,Veracruz de Ignacio de la Llave
VER,Veracruz de Ignacio de la Llave
VER,Veracruz de Ignacio de la Llave
VER,Veracruz de Ignacio de la Llave
VER,Veracruz de Ignacio de la Llave
VER,Veracruz de Ignacio de la Llave
VER,Veracruz de Ignacio de la Llave
VER,Veracruz de Ignacio de la Llave
VER,Veracruz de Ignacio de la Llave
VER,Veracruz de Ignacio de la Llave
VER,Veracruz de Ignacio de la Llave
VER,Veracruz de Ignacio de la Llave
VER,Veracruz de Ignacio de la Llave
VER,Veracruz de Ignacio de la Llave
VER,Veracruz de Ignacio de la Llave
VER,Veracruz de Ignacio de la Llave
VER,Veracruz de Ignacio de la Llave
VER,Veracruz de Ignacio de la Llave
VER,Veracruz de Ignacio de la Llave
VER,Veracruz de Ignacio de la Llave
VER,Veracruz de Ignacio de la Llave
VER,Veracruz de Ignacio de la Llave
VER,Veracruz de Ignacio de la Llave
VER,Veracruz de Ignacio de la Llave
VER,Veracruz de Ignacio de la Llave
VER,Veracruz de Ignacio de la Llave
VER,Veracruz de Ignacio de la Llave
VER,Veracruz de Ignacio de la Llave
VER,Veracruz de Ignacio de la Llave
VER,Veracruz de Ignacio de la Llave
VER,Veracruz de Ignacio de la Llave
VER,Veracruz de Ignacio de la Llave
VER,Veracruz de Ignacio de la Llave
VER,Veracruz de Ignacio de la Llave
VER,Veracruz de Ignacio de la Llave
VER,Veracruz de Ignacio de la Llave
VER,Veracruz de Ignacio de la Llave
VER,Veracruz de Ignacio de la Llave
VER,Veracruz de Ignacio de la Llave
VER,Veracruz de Ignacio de la Llave
VER,Veracruz de Ignacio de la Llave
VER,Veracruz de Ignacio de la Llave
VER,Veracruz de Ignacio de la Llave
VER,Veracruz de Ignacio de la Llave
VER,Veracruz de Ignacio de la Llave
VER,Veracruz de Ignacio de la Llave
VER,Veracruz de Ignacio de la Llave
VER,Veracruz de Ignacio de la Llave
VER,Veracruz de Ignacio de la Llave
VER,Veracruz de Ignacio de la Llave
VER,Veracruz de Ignacio de la Llave
VER,Veracruz de Ignacio de la Llave
VER,Veracruz de Ignacio de la Llave
VER,Veracruz de Ignacio de la Llave
VER,Veracruz de Ignacio de la Llave
VER,Veracruz de Ignacio de la Llave
VER,Veracruz de Ignacio de la Llave
YUC,Yucatan
YUC,Yucatan
YUC,Yucatan
YUC,Yucatan
YUC,Yucatan
YUC,Yucatan
YUC,Yucatan
YUC,Yucatan
YUC,Yucatan
YUC,Yucatan
YUC,Yucatan
YUC,Yucatan
YUC,Yucatan
YUC,Yucatan
YUC,Yucatan
YUC,Yucatan
YUC,Yucatan
YUC,Yucatan
YUC,Yucatan
YUC,Yucatan
YUC,Yucatan
YUC,Yucatan
YUC,Yucatan
YUC,Yucatan
YUC,Yucatan
YUC,Yucatan
YUC,Yucatan
YUC,Yucatan
YUC,Yucatan
YUC,Yucatan
YUC,Yucatan
YUC,Yucatan
YUC,Yucatan
YUC,Yucatan
YUC,Yucatan
YUC,Yucatan
YUC,Yucatan
YUC,Yucatan
YUC,Yucatan
YUC,Yucatan
YUC,Yucatan
YUC,Yucatan
YUC,Yucatan
YUC,Yucatan
YUC,Yucatan
YUC,Yucatan
YUC,Yucatan
YUC,Yucatan
YUC,Yucatan
YUC,Yucatan
YUC,Yucatan
YUC,Yucatan
YUC,Yucatan
YUC,Yucatan
YUC,Yucatan
YUC,Yucatan
YUC,Yucatan
YUC,Yucatan
YUC,Yucatan
YUC,Yucatan
YUC,Yucatan
YUC,Yucatan
YUC,Yucatan
YUC,Yucatan
YUC,Yucatan
YUC,Yucatan
YUC,Yucatan
YUC,Yucatan
YUC,Yucatan
YUC,Yucatan
YUC,Yucatan
YUC,Yucatan
YUC,Yucatan
YUC,Yucatan
YUC,Yucatan
YUC,Yucatan
YUC,Yucatan
YUC,Yucatan
YUC,Yucatan
YUC,Yucatan
YUC,Yucatan
YUC,Yucatan
YUC,Yucatan
YUC,Yucatan
YUC,Yucatan
YUC,Yucatan
YUC,Yucatan
YUC,Yucatan
YUC,Yucatan
YUC,Yucatan
YUC,Yucatan
YUC,Yucatan
YUC,Yucatan
YUC,Yucatan
YUC,Yucatan
YUC,Yucatan
YUC,Yucatan
YUC,Yucatan
YUC,Yucatan
YUC,Yucatan
YUC,Yucatan
YUC,Yucatan
YUC,Yucatan
YUC,Yucatan
YUC,Yucatan
YUC,Yucatan
ZAC,Zacatecas
ZAC,Zacatecas
ZAC,Zacatecas
ZAC,Zacatecas
ZAC,Zacatecas
ZAC,Zacatecas
ZAC,Zacatecas
ZAC,Zacatecas
ZAC,Zacatecas
ZAC,Zacatecas
ZAC,Zacatecas
ZAC,Zacatecas
ZAC,Zacatecas
ZAC,Zacatecas
ZAC,Zacatecas
ZAC,Zacatecas
ZAC,Zacatecas
ZAC,Zacatecas
ZAC,Zacatecas
ZAC,Zacatecas
ZAC,Zacatecas
ZAC,Zacatecas
ZAC,Zacatecas
ZAC,Zacatecas
ZAC,Zacatecas
ZAC,Zacatecas
ZAC,Zacatecas
ZAC,Zacatecas
ZAC,Zacatecas
ZAC,Zacatecas
ZAC,Zacatecas
ZAC,Zacatecas
ZAC,Zacatecas
ZAC,Zacatecas
ZAC,Zacatecas
ZAC,Zacatecas
ZAC,Zacatecas
ZAC,Zacatecas
ZAC,Zacatecas
ZAC,Zacatecas
ZAC,Zacatecas
ZAC,Zacatecas
ZAC,Zacatecas
ZAC,Zacatecas
ZAC,Zacatecas
ZAC,Zacatecas
ZAC,Zacatecas
ZAC,Zacatecas
ZAC,Zacatecas
ZAC,Zacatecas
ZAC,Zacatecas
ZAC,Zacatecas
ZAC,Zacatecas
ZAC,Zacatecas
ZAC,Zacatecas
ZAC,Zacatecas
ZAC,Zacatecas
ZAC,Zacatecas
